1.8328124657299991,1.7140625007449988,1.5234375093125008,1.3062500003724997,1.1640624999997815,1.1609375085675002,1.1343750059598743,1.0328125096847507,0.9187500011170631,0.8578124977646565,0.7859375001862656,0.6468750019557656,0.4844827695652759,0.4238095382849048,-1.0,-1.0,-1.0,-1.0,-1.0,-1.0,-1.0,-1.0,-1.0,-1.0,-1.0,-1.0,-1.0,-1.0,-1.0,-1.0,-1.0,-1.0,-1.0,-1.0,-1.0,-1.0,-1.0,-1.0,-1.0,-1.0,-1.0,-1.0,-1.0,-1.0,-1.0,-1.0,-1.0,-1.0,-1.0,0.500000014901,0.7428571553452381,1.1281249979512342,1.4968750104300008,1.6703125126649998,1.7937499936675,1.907812472433749,2.039062475785313,2.179687488824218,2.2781250104317166,2.2906249798857794,2.207812495528439,2.0156249701970315,1.8203124962748434,1.6734375003724995,1.5687499996275016,1.4781249947850001,1.4031249769049967,1.3546874653574978,1.3281249590249984,1.3171874564174986,1.3031249549274988,1.2874999642400002,1.2781249731800015,1.2749999761600017,1.2749999761600017,1.2812499702000009,1.2937499657300002,1.2984374687100004,1.3062499612599994,1.3124999552999985,1.3265624586524984,1.349999964239998,1.3828124720624972,1.4218749813749976,1.4343749843549978,
1.770312480630001,1.7687499821200012,1.7078125383675027,1.6265625301725024,1.578125018625,1.5984375234675028,1.548437511547502,1.4703124929224995,1.384374994784999,1.3171874992549994,1.2781250029799998,1.2374999970199059,1.0953124966473125,0.7137254932345294,0.4499999955295,-1.0,-1.0,-1.0,-1.0,-1.0,-1.0,-1.0,-1.0,-1.0,-1.0,-1.0,-1.0,-1.0,-1.0,-1.0,-1.0,-1.0,-1.0,-1.0,-1.0,-1.0,-1.0,-1.0,-1.0,-1.0,-1.0,-1.0,-1.0,-1.0,-1.0,0.10000000149,0.15185185411444446,0.42777778456572224,0.7863636369054091,1.1238095164309045,1.3749999850999994,1.618750018997501,1.799999985845,1.943749971688749,2.0984374769018763,2.2687500081959358,2.4203125089420325,2.5187499970193747,2.5109374970195315,2.3453125283140612,2.0140624716873434,1.6734375115475002,1.4749999940400007,1.3718749694549974,1.3234374579074986,1.2859374675925008,1.2562499940400014,1.2406250089400013,1.2234375253300012,1.209375038740001,1.200000047680001,1.1953125465625005,1.200000047680001,1.200000047680001,1.200000047680001,1.2015625461900008,1.2171875312899987,1.2343750148999988,1.27187499404,1.3249999601425009,1.34999996424,1.3734374698274991,1.4109374787674986,1.4406249858449987,1.4593749903149986,
1.873437469827501,1.796874966474998,1.778124973179997,1.72343752533,1.6796875428375027,1.690625039857502,1.7265625223499992,1.7624999880799972,1.7749999910600003,1.7843750026075007,1.7781250067050005,1.7000000067049996,1.5875000171350009,1.2031249999999998,0.6772727288981364,-1.0,-1.0,-1.0,-1.0,-1.0,-1.0,-1.0,-1.0,-1.0,-1.0,-1.0,-1.0,-1.0,-1.0,-1.0,-1.0,-1.0,-1.0,-1.0,-1.0,-1.0,-1.0,-1.0,-1.0,-1.0,-1.0,-1.0,-1.0,-1.0,0.10000000149,0.106250001583125,0.18636364015649998,0.6866666654745,1.1539682566170475,1.4218749869624996,1.6031250245850008,1.7812499869624994,1.9578124806292183,2.1453124769007825,2.339062519373905,2.5203124806279695,2.6703125014870315,2.76718748361,2.7156249955284375,2.445312481374062,1.9499999787656253,1.5546875130375,1.3609374668474985,1.2921874597699996,1.2453125044700013,1.200000047680001,1.200000047680001,1.200000047680001,1.2000000439550005,1.1890625152724992,1.1546875182524996,1.1437500268200005,1.1390625331525013,1.1734375413475011,1.200000047680001,1.2781249731799995,1.3390624616324982,1.3984374757874998,1.4531249888250006,1.5171875040975007,1.5640625152725005,1.5875000208599999,1.6156250275649993,1.6750000417200002,1.7000000476800028,
1.879687471317499,1.773437481375001,1.7046875301725015,1.6750000417200002,1.6953125465625023,1.7375000119200017,1.86874996871,1.9718749746684368,2.0749999731762503,2.1609374731770328,2.2093749791378112,2.1546874903140627,1.9781249761581248,1.5515624973925,0.9615384695617117,0.9263157781801052,0.4069767462651396,0.6833333435158333,-1.0,-1.0,-1.0,-1.0,-1.0,-1.0,-1.0,-1.0,-1.0,-1.0,-1.0,-1.0,-1.0,-1.0,-1.0,-1.0,-1.0,-1.0,-1.0,-1.0,-1.0,-1.0,-1.0,-1.0,-1.0,-1.0,0.1750000026075,0.10000000149,-1.0,0.9321428537367142,1.2222222193842063,1.5421875100574995,1.6765625327800011,1.8531249668474996,2.045312453060156,2.2281250059593756,2.4031250439606247,2.554687447844532,2.6453124694495336,2.660937476900784,2.546874992548437,2.290625002235469,1.8906249795112502,1.4640625007449999,1.2406249940399992,1.1843750365050003,1.1578125376225021,1.1609375383675011,1.1921875458175009,1.200000047680001,1.2234375253300012,1.2609374895700014,1.2749999761600017,1.2749999761600017,1.2703124806300017,1.2375000119200013,1.201562546190001,1.214062534270001,1.2624999880800014,1.3062499593974992,1.3359374608874983,1.3531249649849977,1.3859374728074976,1.4218749813749987,1.4718749932950008,1.5125000029800013,1.5359375085675013,
1.7333333174399999,1.3659574605035743,1.5557377182059011,1.6250000298000022,1.6843750365050019,1.7421875130374995,1.9359374791395314,2.1265624649798442,2.3140625171378115,2.4781250022356254,2.601562496273594,2.6374999880787535,2.4875000007448445,2.0296874791385937,1.4203124996275005,0.9017857270573214,0.6500000025736816,0.53055555642475,0.42702703057102687,-1.0,-1.0,-1.0,-1.0,-1.0,-1.0,-1.0,-1.0,-1.0,-1.0,-1.0,-1.0,-1.0,-1.0,-1.0,-1.0,-1.0,-1.0,-1.0,-1.0,-1.0,-1.0,-1.0,-1.0,0.20000000298,0.24444445139822227,0.26415094930028316,0.4714285718542857,0.6696969704194545,1.2358490599773015,1.5906250216050009,1.748437501489999,1.8999999761600004,2.059374943374062,2.221875011919375,2.3578125275701556,2.475000023842499,2.545312456785469,2.5124999880787495,2.3765625320401558,2.139062486587189,1.7859374955300005,1.4062499999999998,1.2812499925499998,1.2968749944125002,1.2921874802574997,1.2562499940399994,1.200000047680001,1.1890625450724999,1.1640625391125001,1.1500000357600006,1.1515625361325006,1.1500000357600006,1.1437500342700009,1.1546875368775007,1.1984375473075009,1.200000047680001,1.200000047680001,1.2046875432100008,1.2296875193700012,1.2250000238400012,1.2359375134100012,1.2421875074500013,1.2515625003725015,1.2609375026075011,1.2546875011175003,
-1.0,-1.0,1.2071428852397854,1.6214286152771442,1.8265624605149988,1.9421874880799999,2.068749934433124,2.2062500007432813,2.410937532784531,2.614062461999533,2.7546874955299976,2.7421874739237495,2.467187505215312,1.9312499910590626,1.3515624925499687,0.9659090841361138,1.1173913219688694,0.5885714275494571,0.4921568772372941,0.300000011921,-1.0,-1.0,-1.0,-1.0,-1.0,-1.0,-1.0,-1.0,-1.0,-1.0,-1.0,-1.0,-1.0,-1.0,-1.0,-1.0,-1.0,-1.0,-1.0,-1.0,-1.0,-1.0,-1.0,-1.0,1.0,1.0750000178799999,1.0852941239571765,1.299999988809795,1.4859375040974994,1.6750000417200024,1.7765624746699986,1.8703124690824988,1.9781249836090635,2.0859374590198434,2.17968748137172,2.262500002980627,2.3218750357639037,2.321875039489372,2.2593750022354704,2.118749957529062,1.9359374847275006,1.7343750018624997,1.5890625212325007,1.4812499955300003,1.3578124661024982,1.2250000182525007,1.1390625331525008,1.0687500163900008,1.03750000894,1.02500000596,1.0437500104300002,1.0687500163900008,1.075000017880001,1.081250019370001,1.107812525702501,1.1125000268200012,1.123437529427501,1.137500032780001,1.120312528682501,1.107812525702501,1.0921875219775015,1.0796875189975013,1.0609375145275006,1.046875011175,1.0203125057734843,
-1.0,-1.0,0.8407407336763704,1.3780000066751992,1.4725806520825808,1.6437499877074997,1.8937499802559374,2.132812477645625,2.3265625163937487,2.4859375134114066,2.596874922511564,2.534374967216563,2.2593750059606252,1.8234374951571874,1.47499999404,1.2859374973925002,0.9672131176852296,0.8147058820022647,0.8049999892711,-1.0,-1.0,-1.0,-1.0,-1.0,-1.0,-1.0,-1.0,-1.0,-1.0,-1.0,-1.0,-1.0,-1.0,-1.0,-1.0,-1.0,-1.0,0.699999988079,0.8799999952316,1.3333333730666668,1.4999999702,1.510000002384,1.5034483095668965,1.372093023255815,1.3660714370857139,1.3968750014899987,1.4890624973925,1.576562518252502,1.6406250335250034,1.7000000476800028,1.7125000357600026,1.7484375014900029,1.792187487707501,1.8390624839824987,1.8828124832371864,1.9281249642384362,1.9499999582774992,1.9499999582774992,1.942187462002968,1.884374976159685,1.795312488452501,1.6843750197424991,1.5546875130375006,1.409374978394999,1.259374996647501,1.1437500342700007,1.0812500193700012,1.0,1.0046875011175,1.0312500074500008,1.0687500163900012,1.0875000208600012,1.090625021605001,1.0890625212325011,1.060937514527501,1.0171875040975,1.0359375085675,1.0265625063325001,1.0140625033525001,1.0015625003725,0.9953124988824062,0.9718749932944375,0.9343749871476719,0.8142857087982699,0.7804877961553659,
-1.0,-1.0,-1.0,0.5,0.5,1.2866666714346666,1.7944444384844438,2.260344832107932,2.5906249955295313,2.8265624903137505,2.876562502234062,2.7546874843529694,2.5078125037257815,2.1499999854712497,1.7593749985096876,1.3765624966474994,1.1222222314933332,-1.0,-1.0,-1.0,-1.0,-1.0,-1.0,-1.0,-1.0,-1.0,-1.0,-1.0,-1.0,-1.0,-1.0,-1.0,-1.0,-1.0,-1.0,-1.0,1.1230769065707693,1.497916657477604,1.7062499914308449,1.9484375007431274,2.004687447099843,1.962499985472032,1.8843749724350007,1.8421874754150014,1.8312499877075012,1.849999979140001,1.849999979140001,1.871874971317501,1.8124999627499978,1.715625032780002,1.6343750320349997,1.5781250186250007,1.557812513782501,1.5500000119200013,1.5593750141550011,1.5625000149000012,1.5671875160175013,1.589062521232501,1.5984375234675008,1.587500020860001,1.5500000119200008,1.493749998510001,1.4124999791399988,1.2906249798850005,1.1593750361325006,1.084375020115001,1.021875005215,1.0,1.0500000119200004,1.1000000238400012,1.1000000238400012,1.109375026075001,1.126562530172501,1.0921875219775012,1.0156250037249999,1.0,0.9640624914317812,0.9406249858438125,0.9265624824910312,0.9140624795107812,0.899999976158,0.8984374767167969,0.795312501490125,0.5730158762325873,0.3959183735504286,
-1.0,-1.0,0.699999988079,0.8000000010833636,-1.0,-1.0,-1.0,0.7666666507716666,1.841379299245897,3.312500007450311,3.5546874962735933,3.3593750037265626,3.087500002233437,2.771874997764844,2.332812493666875,1.8328124899415628,1.5120000028608005,-1.0,-1.0,-1.0,-1.0,-1.0,-1.0,-1.0,-1.0,-1.0,-1.0,-1.0,-1.0,-1.0,-1.0,-1.0,-1.0,-1.0,4.033333301546667,3.334374971686564,2.9053571394507136,2.550000000745,2.389062501491874,2.1765624806262505,2.004687480628281,1.8890624735525,1.8281249590249977,1.8140624631224977,1.8156249858449998,1.8343749959024997,1.7032257962618875,1.6078431279057646,1.562295077277376,1.5262295183580334,1.4714285702933345,1.4118643918291507,1.3288135447755942,1.2685185030666668,1.1839285737701248,1.1306451559069355,1.2296874951574372,1.2749999966475007,1.3078124895700016,1.3296874687099993,1.3374999612599983,1.3296874593974983,1.299999956044999,1.2125000320350008,1.1046875249575012,1.0734375175075008,1.0109375026075003,1.0,1.0015625003725,1.0437500104300002,1.0500000119200001,1.0500000119200001,1.046875011175,1.0171875040975,1.0,0.9828124959021562,0.899999976158,0.9015624765305312,0.93749998509875,0.9671874921768437,0.9109374787657187,0.9093749821185,0.6586206920187586,0.42857143637671424,-1.0,
-1.0,-1.0,1.20625003427,1.356451609442613,1.3476190524438334,1.4999999761600002,0.46428572918692856,0.8534883794392559,1.5437499918041562,2.915624991060001,3.6656250022325,3.621874995528594,3.6031250134120287,3.4218749999999996,2.887500006705156,2.2203124854714065,1.623529396806275,1.2249999791400001,-1.0,-1.0,-1.0,-1.0,-1.0,-1.0,-1.0,-1.0,-1.0,-1.0,-1.0,1.8500000238399998,3.7684210978052635,4.502941166653236,4.945945907283513,5.002083326380416,4.7809524006315876,4.335937485098595,3.6843750141567186,3.043750002980625,2.6062499843528135,2.3640625290582817,2.289062500000314,2.2203125022356245,2.1343749873334397,2.068749979137813,1.9265624787660938,1.6206896613379311,1.1500000071060383,0.5095238117941905,0.7399999916551,0.9588235230999411,1.0,-1.0,-1.0,-1.0,-1.0,0.76250000298025,0.8318181782960682,1.0265625063321253,1.1625000387400009,1.21093753725,1.2968749552999987,1.2999999523199985,1.2468750029799998,1.1984375473075009,1.143750034270001,1.1203125286825018,1.103125024585001,1.0828125197425011,1.0640625152725012,1.042187510057501,1.0125000029800004,1.0,1.0,1.0,1.0,1.0,0.9531249888240625,0.9828124959021562,1.0,0.9656249918043125,0.9624999929219062,0.8032258037597421,0.3178571473271787,-1.0,-1.0,
-1.0,-1.0,-1.0,1.60000002384,1.7238095204038097,1.7727272683925455,1.8140350789356845,1.60781249404,1.9812499862165627,2.898437492549376,3.7203124985099993,3.978124983609689,4.1390624120837485,3.834374986589063,3.053125008940938,2.331249989569062,1.9578124731774995,1.4031746046880957,0.9799999952312,-1.0,-1.0,-1.0,-1.0,-1.0,-1.0,-1.0,-1.0,-1.0,-1.0,3.1289473270110513,4.906249999999063,5.2859374880798455,5.035937499255155,4.576562505214847,4.121875006705625,3.6609374992553114,3.2484374903134388,2.9593750275681225,2.8500000238426564,2.871874995529376,2.837500017136874,2.6765624806275,2.5328124985092177,2.4859374985101557,2.3609375283140617,2.1062499880781247,1.6562499804424216,1.4926829367140497,-1.0,-1.0,-1.0,-1.0,-1.0,-1.0,0.7285714234624285,0.7281249966472187,0.8551724142039314,1.0890625212323135,1.2312500122924988,1.295312460514999,1.3203124571625007,1.324999958280001,1.324999958280001,1.2984374649849995,1.2656249850999985,1.2250000238399998,1.200000047680001,1.1718750409750005,1.103125024585001,1.085937520487501,1.0203125048425,1.0,1.0,1.0312500074500008,1.0796875189975013,1.031250007450001,1.0,0.9718749932944375,0.9156249864026094,0.8265624912455156,0.7326923070045577,0.518750004470375,-1.0,-1.0,-1.0,
-1.0,1.0,0.9700000107276999,1.120000028608,0.38571430104128573,0.8595238257014525,1.66874999553,2.1062499713137512,2.367187496274843,3.035937502980469,3.787499997764688,4.231249973178279,4.356250129638592,4.060937505215155,3.1406250037256247,2.532812494784063,2.514062497765001,2.3015624899415625,1.3298245637042279,1.0428571530742856,-1.0,-1.0,-1.0,-1.0,-1.0,-1.0,-1.0,-1.0,1.0941176449552943,3.010526312025788,3.506250008941874,3.4484375119212505,3.3234375007439056,3.15468750149,2.9703125022357817,2.7828124798825016,2.6468750052154673,2.631250020117185,2.7062500230973425,2.6859375089409356,2.692187484353283,2.7359374985093754,2.821875009688283,2.748437482864219,2.5578124821173445,2.340625014157968,2.1140624675878135,1.8982758398731034,1.680769241772308,1.525000005960001,1.3749999925499996,1.3454545167382275,0.9957446722283403,1.0690909017219636,1.095312493853516,1.1984374988824067,1.2703124955300007,1.3249999750425003,1.3656249679649999,1.4015624765324997,1.432812483982499,1.4312499836099992,1.39999997616,1.39999997616,1.3234374579074986,1.2656249851000005,1.1875000447,1.1171875279375012,1.0890625212325014,1.0328125078225001,1.0,1.0156250037250005,1.0828125197425016,1.1593750379950007,1.165625039485001,1.073437517507501,0.9515624912455156,0.7843749923630938,0.46785714836517867,0.2911764751460001,0.10000000149,0.10000000149,-1.0,-1.0,-1.0,
1.2139534908666745,0.973913047623913,0.9266666849437999,0.9208333455016874,1.0277777910222599,1.0416666765999338,1.5843749977650006,2.048437476157969,2.5000000037253125,3.1125000044710935,3.748437497764375,4.128124978393751,4.340625025332345,4.314062558114216,3.6124999895692196,2.9843750111770317,2.9171875715276547,2.868750065567497,2.640624973924219,1.9065573723595077,1.3714285918624285,0.5,-1.0,-1.0,-1.0,-1.0,-1.0,1.023809515295381,2.6293103324959657,3.457812514156564,3.5406249985110945,3.6359375119209383,3.6031249836092196,3.371874995529375,3.0593750067064063,2.806249991058751,2.5531250201167186,2.378125004472812,2.306249968710935,2.306249968710936,2.362500015649061,2.4671875387439055,2.5343750119203117,2.6078124716854694,2.6796875186229694,2.6249999999974998,2.4484374858437503,2.2015624959021878,1.9171874709437497,1.6859375219775008,1.5500000119200004,1.4562499895699994,1.4124999791399995,1.39999997616,1.39999997616,1.39999997616,1.39999997616,1.39999997616,1.39999997616,1.409374978395,1.4374999851,1.4234374817475,1.3343749772774673,1.1265624864038282,1.0828124936673753,1.0625000223499694,1.0156250037243124,0.9890624973917499,0.9640624914317499,0.9828124959021562,1.0171875040975003,1.1187500283100014,1.2234375141549987,1.2812499832374997,1.2390625104300002,0.9245901698943607,0.5478260870212395,0.3578947476649475,0.10000000149,-1.0,-1.0,-1.0,-1.0,-1.0,-1.0,
1.871874984354999,1.6203125007449999,1.2281249975786717,0.8343750042836565,0.7682539645641269,1.064285729611429,1.4343749880799999,1.7375000026075,2.1343749873337505,2.6531249955295317,3.0437500067059373,3.3546875044701556,3.7500000000003126,4.093749973923281,4.181249976158592,3.901562508195936,3.504687514155938,3.2484375238429686,3.073437545449844,2.9203125126671874,2.228124992921813,1.2153846178295897,0.7666666706403333,0.800000011921,0.5,-1.0,-1.0,1.7571428435192,3.050000004470312,3.4890625029809383,4.199999988079376,4.5828124657278115,4.534374959767344,4.168749995529687,3.757812511176093,3.417187500745156,3.1343749947846873,2.8390625007453125,2.5906249955287493,2.4531250000009384,2.431250032039063,2.4921875074507827,2.553124982862499,2.6453124806256247,2.7046875432100013,2.6406249664693755,2.5296874754123437,2.401562549176094,2.1968749836075,1.962499963119843,1.7531250100575,1.6234375294275014,1.5421875100574993,1.4843749962750001,1.4499999880799996,1.4031249769049998,1.39999997616,1.39999997616,1.4062499776500001,1.39999997616,1.39999997616,1.39999997616,1.3124999683374994,1.0359375011172816,0.9593750117334847,0.9640625035382347,0.9874999979502973,1.0125000029792195,1.0296875070768443,1.0968750081948437,1.2406250052149999,1.4234375022349997,1.5468749962750004,1.6343750003725006,1.4953124988824689,0.5250000070245002,-1.0,-1.0,-1.0,-1.0,-1.0,-1.0,-1.0,-1.0,-1.0,
1.4239130408869567,1.669354852167742,1.3982758665903443,1.2671874985100005,1.1492063847771437,1.1868852572354098,1.5390625093125003,1.9828124754132812,2.4156250022353123,2.807812500745156,3.0687499865889065,3.2343749962743753,3.4718750081959375,3.84687499702,4.2546875029799995,4.610937476158125,4.826562516390937,4.921874970197974,4.82968748360844,4.523437481373906,4.135937508195781,3.5890624858440625,3.3464285592955525,3.067796599057339,1.986538445720019,1.60000002384125,1.0722222195723332,2.4187499852852348,3.415625002235157,3.6312500014906246,3.987499989569219,4.2984375581143714,4.342187605798126,4.123437441885625,3.828125018627655,3.5359374918035935,3.2703125141564056,3.04218747094172,2.8359375260792175,2.717187494038441,2.7093749791375035,2.7750000096864027,2.8359375409801535,2.862500041726248,2.8468750268249967,2.7546875067054684,2.6312499791362494,2.495312493294532,2.3500000163931247,2.139062471685782,1.9187499806300001,1.7390625029799995,1.6156250275650006,1.5140625033525,1.5,1.46249999106,1.39999997616,1.39999997616,1.39999997616,1.39999997616,1.39999997616,1.39999997616,1.3765624705724995,1.2999999523199985,1.2812499701999986,1.2437500059599986,1.2703124880799994,1.3234374783950003,1.1890624836098436,1.2578124962749373,1.679687499999844,1.9734374769032805,2.1046874877068755,2.051562471314532,1.3781249998137344,0.45555556358561117,-1.0,-1.0,-1.0,-1.0,-1.0,-1.0,-1.0,-1.0,-1.0,
1.1051282149087693,1.6359375081950003,1.6921874992550008,1.4328124932950004,1.1326923209874231,0.949999988079,1.1411764761978038,1.7921874839810938,2.368749994784843,2.8828124925495318,3.3593749999998432,3.7218750081962497,4.009374968707656,4.285937532782656,4.542187459766876,4.828125029802187,5.067187502979997,5.245312549173749,5.329687543212971,5.2921875342728155,5.174999944865784,5.003124974666879,4.882812492549375,4.8812499940393765,4.767187509685158,4.251562509686093,4.02656250726417,4.38125000149,4.410937465727346,4.392187558114842,4.376562617719997,4.304687581955628,4.1437499225139085,3.9031250216085924,3.643749978391408,3.398437522353906,3.174999978391095,3.0312499701968756,2.9531250447046875,2.903125040235313,2.931250039489688,2.9812500178818753,2.995312504470469,3.0124999880787513,2.9921875074507813,2.892187554391717,2.7218749895684384,2.528124988078437,2.325000017882812,2.112499963490312,1.9046874772774998,1.742187507450001,1.6500000357600013,1.54375001043,1.5,1.5,1.409374978395,1.39999997616,1.4624999910600005,1.471874993295,1.4046874772774998,1.39999997616,1.39999997616,1.36874996871,1.3171874564175,1.3546874653574998,1.3953124787674998,1.4375000018625006,1.6156250108025005,1.9421874824912497,2.373437494039062,2.5249999873334374,2.4687500260778124,1.9859374891965622,1.220312502234875,0.44915254666637294,0.13333333532,-1.0,-1.0,0.40000000596,0.454545462673091,0.26666667064,-1.0,-1.0,-1.0,
0.8285714430466429,1.3000000300591303,1.3230769290369233,1.4451612772490325,1.29999995232,-1.0,0.41818182441309104,1.0185185210017595,1.5937499888243747,2.043749995529531,2.490624994039688,3.0249999985100002,3.498437497764844,3.885937474668125,4.170312523842187,4.332812488078907,4.414062462747499,4.4578124955293745,4.565625011921096,4.696875020861719,4.839062519371564,4.97031252086109,5.043749958275624,5.071874931452815,5.1078123971800045,5.1734373346000035,5.1187498867514085,4.989062510430782,4.7781250327825,4.5468749552960945,4.337500154969998,4.182812362911563,4.007812492549217,3.8000000193728125,3.5687499716862514,3.3531250283153105,3.203125007448438,3.1234374456079674,3.0828124247470337,3.0562499463543777,3.0687499344331277,3.098437406120159,3.099999904630003,3.1218749359221865,3.0968749262368767,2.959375038744062,2.7374999895690624,2.459375016392187,2.2156249918032818,2.003124969079844,1.8687499687099987,1.7499999999999998,1.6187500283100005,1.5250000059600004,1.4406249858450004,1.421874981375,1.39999997616,1.39999997616,1.39999997616,1.39999997616,1.39999997616,1.39999997616,1.384374976159999,1.242857129447303,1.1571428520343015,1.3448275553793445,1.2374999850997996,1.6031249947846247,2.1578124891965627,2.6093750037253125,2.9671874940392193,2.853125009686562,2.517187487334531,1.834374997764219,1.3234374932949997,0.9362069008673279,0.6681818176398182,0.800000011921,0.8466666618982667,0.78400000452996,0.6109375087544687,0.4030303074553031,-1.0,-1.0,-1.0,
-1.0,-1.0,-1.0,-1.0,-1.0,-1.0,-1.0,0.899999976158,1.0181818301018002,1.4671874921774988,1.682812515644845,2.0437499750410932,2.5390625037254684,3.0343750007450008,3.4015624895684375,3.6000000014901574,3.6796875000001568,3.720312505960624,3.8218749798832827,4.004687491804686,4.253124993294689,4.490624994039686,4.687499985098752,4.857812575995936,4.984375014901089,5.046874955295313,5.035937465726406,4.918750077486715,4.728124976158126,4.499999999999841,4.287500053643751,4.078124925494219,3.878125026824531,3.6734374724307832,3.4937500059606243,3.351562526080155,3.2671874836100008,3.2000000476799992,3.137499958273753,3.099999904630003,3.099999904630003,3.099999904630003,3.117187429216723,3.1734375096823477,3.129687447097973,2.9828125163917174,2.7625000029806257,2.4859374985101557,2.18749997019625,1.9843749813737501,1.8406249620049988,1.7156250290550017,1.6015625242124996,1.4640624914325002,1.3874999731799986,1.3499999642399978,1.3499999642399978,1.3531249649849977,1.3624999672199973,1.345312463122498,1.3156249560449984,1.3156249560449984,1.1062499918048438,0.509375003632,0.480000001192,-1.0,0.8615384674990385,1.864285694699644,2.6413793029467247,3.260937493294531,3.389062505215939,3.312499996274842,2.7984374985098444,2.1515624914318745,1.7734375018620319,1.4281249884524996,1.2687499942262028,1.1234375033524058,0.9523809485961591,0.7653846110288653,0.5291666761039789,0.5238095332705873,0.625,-1.0,-1.0,
-1.0,-1.0,-1.0,-1.0,-1.0,-1.0,-1.0,0.40000000596,0.7131579024222369,1.434375008567437,1.8468749765325003,1.9984374642370302,2.245312500744687,2.5343749932942186,2.8203125074507818,2.998437497765469,3.0718750022357795,3.118750013411248,3.2171874903139077,3.404687501490312,3.6718749962745316,3.9953124858446865,4.300000011921095,4.582812428475001,4.857812568545154,5.089062415062036,5.081249922512191,4.892187580466092,4.592187449336406,4.293750040232658,4.076562434434687,3.9046875312943743,3.7203124985087497,3.5593749657259375,3.4296875521557784,3.332812499258283,3.2343750111748424,3.140624962744066,3.0843749195315637,3.067187435923281,3.0890624150610955,3.0921874120807833,3.060937441883906,3.039062462746094,2.9937500059606226,2.8671875223540626,2.6812499836067203,2.454687524587968,2.2124999836078127,1.979687472805625,1.8218749631224977,1.6750000342700009,1.5562500134100001,1.434374984355,1.3156249560449984,1.2999999523199985,1.2999999523199985,1.2999999523199985,1.2999999523199985,1.2999999523199985,1.2999999523199985,1.2999999523199985,1.2562499754149064,1.0281250001861093,0.6296296296294075,0.300000011921,0.300000011921,1.4026315667131315,2.903125010430781,3.8734374865892187,3.817187506705782,3.7968750111760916,3.4281250089409365,2.8781249970196874,2.0874999854717182,1.654687527565002,1.6015625242125011,1.3421874847275,1.0464285824971429,-1.0,0.3812500070777815,0.43437500717096855,0.4411764834440589,-1.0,0.40000000596,
-1.0,-1.0,-1.0,-1.0,-1.0,-1.0,-1.0,-1.0,0.699999988079,0.8606060725267576,1.524590162957524,1.931249964982,2.0921874623725,2.2312499918037503,2.465624995529843,2.620312478391406,2.7046874985081266,2.7953124903164057,2.935937546195155,3.151562470940783,3.4640625044712503,3.870312497020157,4.276562511920936,4.664062477647813,4.939062558115309,5.046874955295312,4.925000049173433,4.660937458277033,4.346875034272813,4.07499995082625,3.8609375283142184,3.7015624828628138,3.553124971686562,3.400000039490313,3.273437496275778,3.19531249627266,3.107812464234845,3.023437477647655,2.9578125402342157,2.9578125402342157,2.9625000357637465,2.950000043959685,2.8984375447057826,2.860937535765783,2.8078125044724973,2.6921874918023465,2.5328124798826552,2.3343750163934365,2.1421874724304693,1.9374999776493746,1.739062506705001,1.5781250186250002,1.4453124869625,1.332812460142498,1.274999976160001,1.2921874597699994,1.2999999523199985,1.2999999523199985,1.2999999523199985,1.2999999523199985,1.2999999523199985,1.3032257595406438,1.2786885187279664,1.332786880556098,0.9844827600593278,0.57200001001352,0.300000011921,1.466666708386833,2.999999983744091,4.084375035017343,4.251562513410937,4.151562452315937,3.8999999761582815,3.2062499970199996,2.1874999906867183,1.7187500186250009,1.48281250149,1.1484375093124377,0.82500000298025,0.213333336512,0.3609756180424635,0.3606060680113031,0.3882353022400982,0.5666666887701667,0.5408163386948776,
-1.0,-1.0,-1.0,-1.0,-1.0,-1.0,-1.0,-1.0,-1.0,-1.0,0.40000000596,0.9823529404748823,1.3304347797582832,1.8499999791385937,2.109374975784376,2.342187527568437,2.568749964235625,2.800000011921718,3.0828124955293754,3.4593750052148438,3.840625025333279,4.095312409103283,4.403125062584063,4.706249922515003,4.820312611757503,4.804687537253287,4.626562446355939,4.36875005066375,4.0828124508260935,3.862500026824062,3.654687479136721,3.445312514902343,3.293750021607497,3.162499971686253,3.046874977647186,2.965625014156873,2.885937523099222,2.834375001493437,2.807812489571873,2.8062500059624966,2.782812502236402,2.754687499255155,2.6999999769020357,2.657812476156252,2.5999999679603114,2.5312499701968747,2.3750000298045304,2.1968749947826582,2.03124996274625,1.8359374739249992,1.6453125327800002,1.4890624973925004,1.3374999612599987,1.2749999761600015,1.270312480629999,1.2468750029799989,1.2999999523199985,1.2937499582799992,1.2859374657299996,1.2906249575349988,1.185714250167143,1.1812500003726563,-1.0,-1.0,1.19199999451674,1.1634615338767689,0.9054054094325134,0.899999976158,2.278571418354286,3.8365853646904884,4.195312533527502,4.134374961257812,3.6828124821185946,2.8781250044704687,2.003124978394062,1.5593750104300002,1.167187504469844,0.8593749962745938,0.5457627182289492,0.40000000596,0.5441860549670698,0.576785719288125,0.5089285810079106,0.5173077056041346,0.5734375137836252,
-1.0,-1.0,-1.0,-1.0,-1.0,-1.0,-1.0,-1.0,-1.0,0.26666667064,0.5391304350415653,0.45000001043075,0.65000000596,1.1965517278372757,1.645762704186779,2.1812499836085935,2.5343750007443755,2.8609375134124986,3.203124981372813,3.5156249962743757,3.829687520862968,4.064062438904533,4.262500002980157,4.449999973178282,4.457812473178281,4.38281247764828,4.23281250148969,4.054687459022341,3.89531252160875,3.7171875014887497,3.5281249769025003,3.2796875126667184,3.0640624761567183,2.9156250208632826,2.795312523842653,2.726562503724221,2.690625000742661,2.675000011917505,2.6640624962714106,2.6359374709398447,2.5968749634899995,2.540624972431874,2.4359375163926584,2.389062516393594,2.3968750312946887,2.3375000283140595,2.2078124880778147,2.0593749601379683,1.884374978022499,1.6890625171350002,1.5140625033525008,1.3968749754149985,1.3062499538099985,1.2031250447000008,1.2187500298000007,1.2999999523199985,1.2999999523199985,1.2984374538099985,1.2953124567899987,1.2515624780224683,0.697297302451973,0.300000011921,-1.0,0.6333333452543334,1.04062499850975,1.6172413867089648,1.5952380952380953,1.1125000268194998,-1.0,2.30000001192,2.8196428396875,3.4015624970198446,3.0515625029804694,2.432812497019063,1.838095224092857,1.2928571434957674,0.8340909101743637,0.5300000071525001,0.47096775376025796,0.40000000596,0.40000000596,0.40000000596,-1.0,0.40000000596,0.38500000685415003,
-1.0,-1.0,-1.0,-1.0,-1.0,-1.0,-1.0,-1.0,-1.0,-1.0,-1.0,-1.0,-1.0,-1.0,1.1448979608862244,1.914062483235781,2.3890625052159375,2.776562515646718,3.12187497690172,3.4546874985107805,3.692187499254063,3.7734375037257815,3.701562516391718,3.7015624903151565,3.745312497019843,3.7734374962742185,3.734374999999844,3.654687479137504,3.595312494783281,3.529687486588279,3.354687515647187,3.0843749903134374,2.8453125208629673,2.6703124679604717,2.5968749336875003,2.589062415061094,2.5999999046300015,2.581249922511875,2.523437477647656,2.443750046195,2.373437527569374,2.276562511921563,2.1578124761567183,2.107812486586718,2.137499976901405,2.0687499754115626,1.9546874724335939,1.8124999906874997,1.6437500137824999,1.453124988824999,1.303124981002501,1.2421875074500013,1.2171875312900011,1.200000047680001,1.2015625461900008,1.2999999523199985,1.2999999523199985,1.2999999523199985,1.3265624586524996,1.3421874763462336,0.9416666759377778,-1.0,0.5000000198683333,0.715789468664842,1.2890625018624688,1.572222219573222,0.9999999999989999,-1.0,-1.0,-1.0,1.80000001192,1.9393939502322426,2.5328125059607807,2.292187493294531,1.8305555615155558,-1.0,-1.0,-1.0,-1.0,-1.0,-1.0,-1.0,-1.0,-1.0,-1.0,
-1.0,-1.0,-1.0,-1.0,-1.0,-1.0,-1.0,-1.0,-1.0,-1.0,-1.0,1.0299999833112001,1.4074074074074077,0.8384615366271538,0.9584905662625661,1.7859374936673436,2.2906250059606252,2.7109374925493754,3.05781248956797,3.243749987334218,3.2781250067059364,3.210937496274534,3.120312474667187,3.0765624865885917,3.0953124910589054,3.1968749985093776,3.2421875037254684,3.229687504470469,3.1906249895690655,3.1015624999998423,2.9406250044707822,2.7640625052153127,2.610937457529532,2.5156249850984373,2.5,2.5,2.5671874359232825,2.501562498509844,2.4125000499209377,2.2703124992557813,2.107812479136718,1.9749999661001565,1.8499999847274986,1.8265624847274993,1.8468749821199981,1.7812499944125015,1.6781250126649994,1.5093750022350005,1.3468749783949996,1.2281250171350007,1.1515625361325006,1.1453125346425006,1.196875046935001,1.200000047680001,1.24843750149,1.2999999523199985,1.304687453437499,1.3531249649850001,1.4187499806299992,1.2968749869624374,0.8756097598769512,0.7315789492505264,0.8730158772730479,1.1531249955299065,1.3453124836099999,1.0767441904818602,0.933333348344,0.3555555674765556,-1.0,-1.0,0.800000011921,1.449999993046667,2.1216666400423336,1.963414628330001,1.60000002384,-1.0,-1.0,-1.0,-1.0,-1.0,-1.0,-1.0,-1.0,-1.0,-1.0,
-1.0,-1.0,-1.0,0.4416666701433334,0.5850000143052,0.6052631704431579,0.40000000596022733,0.46666667362033326,0.8428571394511428,0.8476190567011428,1.477777772479926,1.6515624905009216,1.7634615325011533,0.6555555529064444,1.1533333321411334,1.8609374798834375,2.3000000119209383,2.6124999895689056,2.7859375029801563,2.8328125104304682,2.793750002980156,2.751562498509846,2.720312487333286,2.6968749836071915,2.7312499955290654,2.7796875126662495,2.7953125052157803,2.771874997764533,2.7156249955295335,2.648437481372812,2.5781249813720306,2.5078124962745294,2.4593750387440614,2.4843750149015627,2.5,2.551562450824845,2.581249922511876,2.4718750268228113,2.2875000089418753,2.032812472432032,1.8124999869624996,1.6531250141549996,1.554687513037501,1.5609375145275008,1.564062515272501,1.4828124959025004,1.3796874713174974,1.2734374906875014,1.1671875324075003,1.1046875249575012,1.1000000238400012,1.1234375294275014,1.1984375473075009,1.20937503874,1.2843749672199987,1.3203124571624998,1.3843749724349999,1.4593749903149997,1.5031250007449999,1.5375000089399995,1.4734375048425004,1.4500000085674998,1.4937499985099991,1.5218750052149994,1.4649999956293003,1.0384615430465898,0.545161295321613,0.7138888935248333,0.7106382986331489,0.7773584937146232,0.9403846218029617,1.1527272820464551,1.60000002384,-1.0,-1.0,-1.0,-1.0,-1.0,-1.0,-1.0,-1.0,-1.0,-1.0,-1.0,-1.0,
-1.0,0.566666662693,0.6727272732691364,0.6129032286905322,0.6451612874384357,0.6709677452040971,0.790476197642238,0.6025000084190001,1.1131147576156724,1.7140624988820317,2.056249974295781,2.1467741708598376,2.0399999141680003,0.4600000172854,0.7590909143060905,1.2170212807804257,1.539622632962566,2.0828124899414067,2.318750005215625,2.4406250193728125,2.459375038744062,2.4781250208621866,2.5078124925492187,2.490625008940936,2.4781250208621866,2.4515625201176574,2.4250000119225024,2.39531252533422,2.3687500134137487,2.357812516394217,2.3500000238449985,2.375000059607499,2.4000000953699994,2.4750000238424996,2.5109374895689065,2.5796874240020315,2.4968749992549992,2.326562520117813,2.053124973549688,1.7828124947849997,1.553125012665001,1.3734374791399986,1.3015624806300015,1.3453124649849981,1.3187499735525001,1.2609374951575014,1.2093750350150008,1.1390625331525008,1.1000000238400012,1.1000000238400012,1.1265625301725015,1.195312546562501,1.20937503874,1.2843749672199987,1.3312499597699998,1.3999999761599997,1.4796874951575,1.5343750081949994,1.645312521605001,1.7593749854724972,1.7593749910599974,1.7312500160174984,1.6796875409750025,1.6265625301725015,1.3593749925499998,1.1796874916187965,1.0906250132235786,1.014062508008391,0.9000000027897235,1.127907008623279,1.2115384798769229,1.29999995232,-1.0,-1.0,-1.0,-1.0,-1.0,-1.0,-1.0,-1.0,-1.0,-1.0,-1.0,-1.0,-1.0,
0.3538461614113077,0.5394736881317893,0.7526315795747894,0.6399999916551999,0.40000000596,0.7730769205549232,1.2859375020486719,1.7234374973925004,1.9562499728051554,2.2078124880784373,2.301587294020951,1.7242424126830302,-1.0,-1.0,-1.0,-1.0,0.8871794847341539,1.5031250007449999,1.9078124798835938,2.170312482862345,2.3218750022379675,2.3984375931348434,2.4109375849389054,2.362500034275625,2.2968750000018727,2.2468750029800018,2.196874991057502,2.174999982116251,2.1750000081923457,2.2046875432100026,2.26718748361,2.3296874947879673,2.4187500774881245,2.5,2.5,2.467187527567968,2.304687511177187,2.046874977647657,1.7687499970199998,1.5343750081950007,1.3171874824925,1.1687500290550004,1.1328125316625008,1.1906250305449995,1.1578125376225004,1.142187533897501,1.107812525702501,1.1000000238400012,1.1203125286825018,1.1625000387400009,1.1984375473075009,1.20937503874,1.2843749672199987,1.3234374579074997,1.3968749754149998,1.4718749932949997,1.5656250156450002,1.7046875134099992,1.849999973552501,1.8812499716900009,1.8031249530649973,1.799999952319997,1.7421875074500013,1.6671875398575011,1.4828124959025,1.2081632468177552,1.1142857245029523,1.0000000045845385,0.6900000035763,-1.0,-1.0,-1.0,-1.0,-1.0,-1.0,-1.0,-1.0,-1.0,-1.0,-1.0,-1.0,-1.0,-1.0,-1.0,-1.0,
0.150000002235,-1.0,-1.0,0.40000000596,0.38333334194261115,0.9625000075565179,1.471875000745,1.7546875029800002,1.7437499966468746,2.0015624836085935,1.9327586046568976,1.6885714530925715,1.702941168757647,1.427499993146125,1.0793103472941379,1.019999996821,0.7709677527025484,1.1584905700861887,1.7187499999999998,2.0421874541778124,2.2499999999999996,2.3640625439614054,2.370312552902031,2.2718749791399993,2.18437502532844,2.114062443372968,2.045312456785469,2.051562450824844,2.098437406120156,2.1734375096823446,2.2578124925499994,2.3640625439614054,2.4640625342735936,2.5,2.439062520862813,2.2500000000003126,1.9968749750403127,1.725000005215,1.4968749992550003,1.3093749843550004,1.1609375271925004,1.0546875130375004,1.0250000059600002,1.0984375234675012,1.1000000238400012,1.1000000238400012,1.1203125286825013,1.1859375443275009,1.200000047680001,1.200000047680001,1.2218750268199992,1.2874999642399987,1.3312499597699998,1.3953124750425,1.4593749903149995,1.5640625152724996,1.6968750320350012,1.832812463867499,1.8999999761600008,1.8999999761600008,1.8390624634949986,1.7437500022350019,1.6390625331524995,1.550000011920001,1.4062499776499988,1.1616666634878674,0.8767441885411863,0.5482758694681724,-1.0,-1.0,-1.0,-1.0,-1.0,-1.0,-1.0,-1.0,-1.0,-1.0,-1.0,-1.0,-1.0,-1.0,-1.0,-1.0,-1.0,
-1.0,-1.0,-1.0,-1.0,-1.0,0.6923076984207437,0.9345454546537274,1.2134615446507506,1.4413793210317236,1.0000000052350269,1.320312500931172,1.7546874992549994,1.878124970945001,1.854687478395001,1.7267857023657125,1.6734374873349975,1.557999983431199,1.6645161105754847,1.9093749877070307,2.0999999511964065,2.2359375134099997,2.3156249746715605,2.3156249821218724,2.2218750156445335,2.1046874336873427,2.0140624847259376,1.9765624944125009,1.9937499985100002,2.049999952315,2.1499999761550006,2.2640624865899994,2.3640625439614067,2.379687547686407,2.3125000186278104,2.143749976529687,1.9031249787662499,1.6281250081950005,1.3999999817474982,1.2359375078225003,1.118750026447501,1.0296875070775,1.0,1.0,1.009375002235,1.096875023095001,1.1000000238400012,1.1796875428375009,1.200000047680001,1.2046875432100004,1.2546874955299987,1.2984374538099988,1.3374999612600003,1.4078124780224994,1.4671874921774997,1.5343750081949994,1.628125030545001,1.74375000596,1.8140624556724971,1.864062467592497,1.8421874642399965,1.7109375111750005,1.5640625152725005,1.4453124869625003,1.3999999761599995,1.3203124571624982,1.2874999642399987,1.240624994039999,1.1218750020486714,0.9900000035754999,0.40000000596,-1.0,-1.0,-1.0,-1.0,-1.0,-1.0,-1.0,-1.0,-1.0,-1.0,-1.0,-1.0,-1.0,-1.0,-1.0,
-1.0,-1.0,-1.0,1.0250000208597498,1.0200000047672,0.6896551785797242,0.7631579049318947,0.6586207007539311,0.8629629645079633,1.1714285846257348,1.6661290199535461,1.8312499597699965,1.8359374608874965,1.812499975787499,1.7796874735525001,1.799999952319997,1.8437499627499996,1.9359374847275002,2.014062486588594,2.1062499135706245,2.1859375275635955,2.225000023840002,2.206250026819378,2.1187499426278116,2.018749980255469,1.9281249828650013,1.8999999761600008,1.9296874832375008,2.0171874836082813,2.1359374560385946,2.2296875156448457,2.224999986588441,2.160937476901406,2.014062469824688,1.8062499929223432,1.5515625048425004,1.3124999888250004,1.1703125257025002,1.0875000208600012,1.01250000298,0.9984374996274687,0.9953124988824062,1.0,1.0,1.096875023095001,1.1000000238400012,1.187500044700001,1.21250003576,1.2890624627499987,1.3203124571625,1.3843749724349996,1.432812483982499,1.490624997765,1.5484375115474995,1.6000000238399998,1.6750000417200028,1.7031250447000028,1.735937513410003,1.7671874836100012,1.7078125122925005,1.5875000208599999,1.4703124929224998,1.39999997616,1.3859374728074996,1.360937466847499,1.3656249679649999,1.3531249649849997,1.3109374549274984,1.1275862229269655,0.5333333512146666,-1.0,-1.0,-1.0,-1.0,-1.0,-1.0,-1.0,-1.0,-1.0,-1.0,-1.0,-1.0,0.40909091450922735,0.49411766143408836,0.22000000476820003,
0.75,0.7833333474889166,1.1200000013623428,1.1163934645087548,1.0421052731951577,0.9250000119198333,1.2416666580577773,1.3960784311388432,1.5484375189975004,1.61718752235,1.6015625186250007,1.6234375294274999,1.6250000297999998,1.6500000357599993,1.7000000476800028,1.8015624526924972,1.892187474297501,1.9796874951574999,2.0437499582756247,2.0984374061201554,2.109374918040937,2.146874971684687,2.1046874299620306,2.023437475785,1.934374984355001,1.8999999761600008,1.8999999761600008,1.903124976905001,2.0046874955295313,2.059374943374063,2.040624953805313,1.9999999664721888,1.8874999787671862,1.7000000085675,1.5000000000000002,1.2953124903150006,1.1328125316625008,1.0562500134100006,1.0015625003725,0.9890624973922812,0.9249999821185,0.906249977648125,0.9765624944120312,1.003125000745,1.0984375234675012,1.1000000238400012,1.1890625450725012,1.2796874772774993,1.3499999642400002,1.4343749843549993,1.5203125048424992,1.5859375204875013,1.6359375324075034,1.6625000350150025,1.6953125316625008,1.7250000238399994,1.7234375253299996,1.7046875432100022,1.6734375413475007,1.6031250245849997,1.5703125167624998,1.45624998957,1.3296874780225,1.2828124761600015,1.2874999642400002,1.3109374567899987,1.3218749575349984,1.2796874716900006,1.207142891625714,-1.0,-1.0,-1.0,-1.0,-1.0,-1.0,-1.0,-1.0,-1.0,0.77499999105925,1.107692324196769,1.39999997616,-1.0,0.31212121880393934,0.4546875040976872,0.41562500433048427,
1.1322033859919152,1.3531249761599995,1.3703124690824975,1.1984127116571432,0.8829787208676596,1.101666682957401,1.2109375018625002,1.2265625074499997,1.2531250007449994,1.2843749932950006,1.3015624880800016,1.3609374724349983,1.4499999880799999,1.56875001639,1.6984375342700013,1.8265624586524987,1.9296874832375004,2.0,2.0546874478445307,2.0999999046299997,2.0999999046299997,2.0718749314528124,2.00624998658875,1.9296874832375013,1.8999999761600008,1.8999999761600008,1.9062499776500006,1.9437499865899996,1.9249999821200006,1.8749999701999969,1.8234374765324985,1.7656249962750021,1.6312500219775,1.4703124929225002,1.3062499817475,1.1500000301725006,1.0437500104300002,0.956249989569125,0.906249977648125,0.899999976158,0.899999976158,0.899999976158,0.9468749873339375,1.0171875040975003,1.1000000238400012,1.1390625331525013,1.200000047680001,1.3046874683374987,1.4046874772775,1.4953124988825002,1.5796875189975,1.681250043210001,1.7484375014899995,1.799999952319997,1.8328124601425004,1.8031249530649973,1.799999952319997,1.7765624746699986,1.6890625413475024,1.603125024585001,1.3671874850999997,1.1540000033373206,1.0413793202089654,1.0642857296114285,1.0562500189975312,1.0422222375854222,1.0636363788067271,1.0863636569525001,1.0687500163900001,-1.0,-1.0,-1.0,-1.0,0.4928571517977143,0.6125000044701875,0.8124999888243125,0.8714285876059285,0.9295454526492043,1.2766666660705497,1.6296874992550001,1.38888888226663,-1.0,0.20000000298,0.3200000097353333,0.4062500055875939,
1.0734375147135473,1.1843750029800004,1.1578125227225007,1.0781250186248759,0.9562499895690937,0.942187488079,0.9187499918043125,0.9343749890103281,0.9703124929216562,1.0234375055874063,1.0859375204875008,1.2281250134100001,1.3953124750424997,1.5625000148999997,1.723437523467501,1.8312499597699978,1.909374978395001,1.9859374966475005,2.0,2.0,1.9984374996275,1.9562499895700014,1.889062473552499,1.8453124631224962,1.840624962004998,1.8999999761600008,1.9203124810025012,1.8937499746699993,1.785937476905,1.690625023095,1.6343750320349995,1.554687513037501,1.4093749821199983,1.2546874992550006,1.1156250257025009,1.0140625033524375,0.9328124839811562,0.8968749772755937,0.8843749817459687,0.899999976158,0.899999976158,0.899999976158,0.956249989569125,1.0234375055875002,1.1375000327800007,1.200000047680001,1.2187500297999994,1.2984374538099988,1.3765624705724981,1.415624979885,1.4593749903150006,1.5546875130375006,1.6921875253300012,1.7562499940400023,1.7578124925500014,1.6749999988824995,1.596875011920001,1.5546875130375017,1.5578125137825014,1.5953125227225,1.3187499996273437,0.5923076982678461,-1.0,-1.0,-1.0,-1.0,-1.0,-1.0,-1.0,-1.0,-1.0,-1.0,-1.0,0.5890909162434362,1.006250005214563,1.2656249962749997,1.4218749888249995,1.495312498882501,1.6127272714269096,0.9100000008941251,0.7269841271733493,0.8625000044702084,-1.0,0.23333333929366665,0.3698113279520756,
0.7093750005587969,0.7609375026077188,0.7484374996274687,0.7281250003725313,0.749999992549375,0.73749999701975,0.7796875070780938,0.8234375035390469,0.9140624795107812,1.0046875011173442,1.1203125286825013,1.267187489197499,1.4359374847274997,1.5750000178799999,1.7015625406025023,1.795312458652498,1.8703124690824986,1.9015624765325008,1.946874987335001,2.0,1.9687499925500005,1.8593749664749983,1.7796874716899997,1.785937465729999,1.8156249560449969,1.8718749694549979,1.8468749653574965,1.760937493295002,1.6437500305449997,1.5109375026075007,1.4374999850999994,1.3156249821200003,1.1875000242125004,1.040625009684875,0.9562499895690937,0.9078124789519844,0.8609374901279219,0.8218750040978438,0.800000011921,0.8718749862163437,0.8546874923631094,0.812500007450625,0.8656249940395,0.9718749932944375,1.0843750201150009,1.1828125435825008,1.2312500178800012,1.2843749672200002,1.2999999523199985,1.2984374612599996,1.3187499661024995,1.3593749664749977,1.4203124884524982,1.431250009685,1.303125008939999,1.1812500040975007,1.1343750096850012,1.1859375070775005,1.3406249675924995,1.581250019370001,1.4578125029799998,0.9428571632918096,-1.0,-1.0,-1.0,-1.0,-1.0,-1.0,-1.0,-1.0,0.300000011921,0.300000011921,0.2515151591011212,0.32131148361760653,0.6765625034457969,0.9984375108022189,1.1156250201149385,1.2187500111750007,1.2428571307479366,0.9740740656857964,1.3281250027937037,1.4875000137825,1.4230769169641022,0.8166666792493888,-1.0,
0.6671874998137344,0.6390625098720781,0.6531250048429063,0.6859374959021562,0.731249995529625,0.77812500298025,0.8499999940395,0.935937486588875,1.0250000059598758,1.1156250275650015,1.2187500204874993,1.3468749653574998,1.4749999940399996,1.5984375234675003,1.6953125465625027,1.7390625104300026,1.796874968337499,1.8734374698274983,1.8874999731799995,1.8781249709449974,1.8671874683374978,1.8624999672199976,1.7218750268200023,1.721875026820002,1.799999952319997,1.7734374776500006,1.7031250279375014,1.60000002384,1.4640624914325004,1.3546874672199978,1.2609374970200014,1.167187537995,1.035937508567344,0.9156249798833125,0.8921874789519844,0.8203125046566406,0.800000011921,0.8281250018626563,0.8390624979510781,0.8390624979510781,0.8171875057742344,0.800000011921,0.8265625024214531,0.9031249769030625,0.9984374996272501,1.137500032780001,1.200000047680001,1.2031250447000008,1.2406250089400013,1.2281250208599999,1.200000047680001,1.200000047680001,1.1593750379950005,1.089062521232501,1.0078125018625,0.9765624944120312,0.9140624795107812,0.9484374877063437,1.2531250007449999,1.5734375175075,1.4359374959025002,0.9923077019348845,-1.0,-1.0,-1.0,-1.0,-1.0,-1.0,-1.0,-1.0,0.32592593630148153,0.4093750054014374,0.3343750098719064,0.300000011921,0.4125000061464999,0.6375000067055625,0.8359374953433594,0.9921874990681406,0.9500000079464761,0.4526315833392105,0.8140625040974845,1.1609375001860787,1.168750008567501,0.9906249977643438,0.7000000026336743,
